career,branch,skills,description,trends,learning_path
Data Scientist,Technology,python machine learning statistics sql coding data-analysis math programming research,"Analyze data and build predictive models","High demand in finance, healthcare, and e-commerce. Shift towards MLOps.","Learn Python -> Statistics -> ML basics -> SQL -> Deep Learning"
Web Developer,Technology,html css javascript react node frontend backend coding websites internet programming apps,"Build responsive websites and scalable web apps","Rise of serverless architecture, AI-driven coding assistants, and edge computing.","Learn HTML/CSS/JS -> React -> Node.js -> Databases -> Cloud Deployment"
AI Engineer,Technology,python deep-learning tensorflow pytorch nlp llm coding robots artificial-intelligence brain automation,"Design and implement advanced AI systems and LLMs","Explosive growth in Generative AI, RAG architectures, and agentic workflows.","Learn Python -> Math -> Neural Networks -> PyTorch/TensorFlow -> GenAI"
Cyber Security,Technology,network security ethical-hacking cryptography computers safety hacking protection internet-security,"Protect systems, networks, and data from cyber attacks","Zero-trust security models, AI for threat detection, cloud security.","Learn Networking -> OS Internals -> Cryptography -> Ethical Hacking"
Cloud Architect,Technology,aws azure gcp kubernetes docker infrastructure internet servers cloud-storage networking,"Design and manage cloud infrastructure","Multi-cloud strategies, serverless, infrastructure as code (IaC).","Learn Linux -> Networking -> AWS/Azure basics -> Docker/K8s -> IaC"
Product Manager,Technology,agile scrum communication strategy analytics leadership business management planning teamwork,"Lead product development from conception to launch","Data-driven decision making, AI in product strategy, remote team management.","Learn Agile -> UI/UX basics -> Data Analytics -> Product Strategy"
UX Designer,Technology,figma wireframing user-research prototyping ui drawing creativity graphics art colors psychology,"Design user interfaces and improve user experience","Voice UI, AR/VR interfaces, AI-assisted design tools.","Learn Design Principles -> User Research -> Figma -> Prototyping -> Usability Testing"
DevOps Engineer,Technology,ci cd jenkins linux bash scripting automation operations servers cloud reliability,"Streamline software development and deployment processes","GitOps, AI-driven operations (AIOps), platform engineering.","Learn Linux/Bash -> Git -> CI/CD pipelines -> Docker -> Kubernetes"
Medical Doctor,Science,biology chemistry anatomy healthcare surgery medicine health biology doctor patients hospitals science,"Diagnose and treat illnesses and injuries","Growing focus on telemedicine and personalized medicine.","MBBS -> Specialization -> Residency -> Practice"
Research Scientist,Science,physics chemistry laboratory research data-analysis science logic experiments discovery lab,"Conduct experiments and analyze results to advance scientific knowledge","Integration of AI in drug discovery and material science.","Bachelor's in Science -> PhD -> Postdoc -> Research Position"
Civil Engineer,Science,mathematics physics construction design autocad buildings roads bridges structure engineering,"Design and oversee construction of infrastructure projects","Focus on sustainable and green building materials.","B.Tech in Civil Engineering -> Internships -> P.E. License"
Chartered Accountant,Commerce,accounting finance taxation audit tally money business numbers math records taxes,"Manage financial records, taxes, and audits","Increasing use of automation in bookkeeping and tax filing.","CA Foundation -> Intermediate -> Articleship -> CA Final"
Investment Banker,Commerce,finance economics valuation modeling markets money banking stock investment wealth,"Advise corporations on financial transactions and capital raising","Rise of sustainable finance and digital assets.","Degree in Finance/Economics -> Internships -> Analyst Role"
Marketing Manager,Commerce,marketing branding strategy communication social-media sales advertising business promotion people,"Develop and execute marketing campaigns to promote products","Shift towards data-driven marketing and influencer collaborations.","Degree in Marketing -> Sales/Marketing Role -> MBA"
Graphic Designer,Arts,creativity design figma photoshop illustrator art drawing colors graphics sketching visual,"Create visual concepts to communicate ideas","Growing demand for motion graphics and interactive design.","Design Portfolio -> Design Degree -> Freelance/Agency Role"
Lawyer,Arts,law logic communication legal-research litigation rules justice court arguments writing,"Represent clients in legal proceedings and provide legal advice","Rise of legal tech and online dispute resolution.","LLB Degree -> Bar Exam -> Junior Associate -> Practice"
Content Writer,Arts,writing editing seo content-strategy communication reading english stories blogs marketing,"Create engaging content for various platforms","Integration of AI writing assistants and focus on authentic storytelling.","Writing Practice -> Blog/Portfolio -> Journalism/English Degree"
Psychologist,Arts,psychology empathy research communication counseling mental-health emotions feelings mind therapy help,"Study mental processes and human behavior to help people","Increased awareness of mental health and demand for online therapy.","Bachelor's in Psychology -> Master's -> PhD/Specialization -> Clinical Practice"
Architect,Science,design physics mathematics creativity autocad buildings drawing structure planning engineering,"Plan and design buildings and other physical structures","Emphasis on sustainable urban planning and smart cities.","B.Arch -> Internship -> Licensure -> Professional Practice"
Financial Analyst,Commerce,finance economics data-analysis excel modeling money stock business math forecasting,"Analyze financial data to provide investment recommendations","Shift towards algorithmic trading and AI-powered financial advice.","Bachelor's in Finance -> CFA/MBA -> Analyst Position"
Fashion Designer,Arts,creativity design fashion sketching textiles clothes style sewing colors art trends,"Design original clothing, accessories, and footwear","Sustainability and circular fashion are becoming mainstream.","Fashion Design Degree -> Portfolio -> Internships -> Designer"
Biotechnologist,Science,biology genetics laboratory research biotechnology science experiments lab genetics health,"Apply biological principles to develop new products and technologies","Growth in gene editing (CRISPR) and agricultural biotech.","B.Sc Biotech -> Master's -> Research/Industry Role"
Economist,Commerce,economics statistics research mathematics policy math money finance business history,"Study the production and distribution of resources and goods","Focus on behavioral economics and climate change impact.","Bachelor's in Economics -> Master's/PhD -> Policy/Research"
Journalist,Arts,writing communication research editing media news reporting stories truth interview,"Gather and report news and information for various media platforms","Transition to digital-first journalism and multimedia storytelling.","Mass Communication Degree -> Internships -> Reporter/Writer"
Veterinarian,Science,animals biology health medicine surgery doctor pets science surgery,"Treat diseases and injuries in animals","Demand for pet health insurance and advanced veterinary surgery.","DVM Degree -> Internship -> Practice"
Astronomer,Science,space physics math telescope research stars planets galaxies science experiments,"Study celestial bodies and the universe","Focus on exoplanets and black hole research.","Bachelor's in Physics -> PhD in Astronomy -> Research"
Forensic Scientist,Science,crime investigation biology chemistry laboratory evidence science logic,"Apply science to criminal and civil laws","Rise of DNA profiling and digital forensics.","Bachelor's in Science -> Specialized Training -> Forensic Lab"
Marine Biologist,Science,ocean sea animals biology research diving science water ecology,"Study marine organisms and ecosystems","Climate change impact on marine life and conservation.","Bachelor's in Biology -> Master's in Marine Science -> Field Work"
Game Developer,Technology,coding games video-games graphics unity unreal programming logic math,"Create video games for various platforms","Rise of VR/AR gaming and cloud gaming.","Learn C#/C++ -> Unity/Unreal Engine -> Game Design -> Portfolio"
Blockchain Developer,Technology,crypto decentralization coding ethereum smart-contracts security finance internet,"Develop decentralized applications and blockchain protocols","Institutional adoption of DeFi and tokenization.","Learn Cryptography -> Solidity/Rust -> Blockchain Architecture"
Mobile App Developer,Technology,ios android coding apps swift kotlin phone mobile internet,"Build applications for mobile devices","Focus on cross-platform development and AI integration.","Learn Swift/Kotlin -> Flutter/React Native -> App Store Deployment"
HR Manager,Commerce,people communication leadership psychology business management organization hiring,"Manage employee relations and recruitment","Emphasis on remote work culture and diversity.","Bachelor's in HR/Business -> Certifications -> HR Role"
Event Planner,Arts,parties planning organization communication creativity design management people,"Organize and manage professional and social events","Growth in hybrid events and sustainable event planning.","Hospitality Degree -> Internships -> Event Management"
Interior Designer,Arts,houses design creativity drawing art colors spaces architecture decor,"Plan and furnish the interiors of private homes and commercial buildings","Sustainable design and smart home integration.","Interior Design Degree -> Portfolio -> Certification"
Animator,Arts,movies drawing creativity art design video graphics animation storytelling,"Create moving images for films and television","Growth in 3D animation and virtual production.","Animation Course -> Portfolio -> Studio Internships"
Risk Manager,Commerce,safety finance insurance business analytics strategy protection,"Identify and evaluate potential financial risks","Focus on cyber risk and climate risk management.","Bachelor's in Finance/Business -> Risk Management Certification"
Supply Chain Manager,Commerce,logistics business operations management shipping organization strategy,"Coordinate the movement of goods from producers to consumers","Resilient supply chains and use of AI in logistics.","Bachelor's in Supply Chain/Business -> Logistics Role"
Environmental Scientist,Science,ecology nature protection science research biology plants environment,"Study the environment and develop solutions to environmental problems","Focus on renewable energy and climate change mitigation.","Bachelor's in Environmental Science -> Field Work -> Consultancy"
Pilot,Science,aviation flying physics aircraft navigation safety travel machines,"Operate and navigate aircraft for transport","Shortage of commercial pilots and rise of electric aviation.","Pilot Training -> Commercial Pilot License -> Flight Hours"
Chef,Arts,cooking food creativity kitchen management taste health flavors,"Prepare and cook food in professional settings","Focus on farm-to-table and plant-based cuisines.","Culinary Arts Degree -> Kitchen Training -> Sous Chef -> Executive Chef"
Social Worker,Arts,help people psychology communication society community support counseling,"Provide support and services to individuals and communities","Rise in mental health awareness and community outreach.","Bachelor's in Social Work -> Licensure -> Field Work"
Data Analyst,Technology,excel data-analysis math numbers statistics business sql coding,"Interpret data and turn it into information which can offer ways to improve a business","Growth in business intelligence tools and predictive analytics.","Learn Excel -> SQL -> Data Visualization -> Statistics"
Full Stack Developer,Technology,coding websites frontend backend internet javascript database apps,"Develop both client and server software","Shift towards serverless and cloud-native development.","Learn HTML/CSS/JS -> React -> Node.js -> Databases"
Network Engineer,Technology,internet networking servers routers security infrastructure communication,"Design and implement computer networks","Transition to software-defined networking (SDN) and 5G.","Learn Networking -> Cisco/Juniper Certifications -> Network Design"
Financial Planner,Commerce,money finance investment wealth banking goals business,"Help individuals manage their finances and reach their long-term goals","Personalized financial planning and use of robo-advisors.","Bachelor's in Finance -> CFP Certification -> Financial Advisor"
Digital Marketer,Commerce,internet marketing ads social-media content seo branding,"Promote products and services using digital channels","Personalization and AI-driven ad targeting.","Learn SEO -> SEM -> Content Marketing -> Analytics"
Sociologist,Arts,society people research history culture communication human-behavior,"Study society and social behavior","Focus on social inequality and digital sociology.","Bachelor's in Sociology -> Master's/PhD -> Research"
Archaeologist,Arts,history discovery research digging science culture old-things,"Study human history through the recovery and analysis of artifacts","Use of satellite imagery and LiDAR in archaeology.","Bachelor's in Archaeology -> Field School -> PhD -> Research"
Urban Planner,Science,cities design structures geography society environment planning,"Design and develop land use to create communities","Focus on smart cities and sustainable urban development.","Bachelor's in Urban Planning -> Master's -> Certification"
Chemical Engineer,Science,chemistry physics engineering laboratory math production factory,"Design and develop chemical manufacturing processes","Emphasis on sustainable chemical production and biofuels.","B.Tech in Chemical Engineering -> Internships -> FE Exam"
Real Estate Agent,Commerce,houses selling business communication negotiation sales properties,"Help clients buy, sell, and rent properties","Use of virtual tours and digital transaction management.","Real Estate License -> Training -> Real Estate Agent"
Sales Representative,Commerce,selling people communication business persuasion goals marketing,"Sell products and services to customers","Focus on relationship selling and use of CRM tools.","Sales Training -> Communication Skills -> Sales Representative"
Public Relations,Arts,communication media news writing branding image reputation,"Manage the public image of individuals and organizations","Growth in crisis management and social media PR.","Bachelor's in PR/Communication -> Internships -> PR Role"
Music Producer,Arts,music sound creativity technology recording art rhythm,"Oversee the recording and production of music","Rise of home studios and AI-assisted music production.","Music Theory -> DAWs -> Sound Engineering -> Production"
Photographer,Arts,photography art creativity cameras digital-editing visual lighting,"Capture images for various purposes","Growth in digital content creation and social media photography.","Photography Course -> Portfolio -> Freelance/Studio Work"
Video Editor,Arts,video movies digital-editing stories creativity technology,"Edit video footage to create a final product","Demand for short-form video content and advanced visual effects.","Learn Video Editing Software (Premiere/Resolve) -> Storytelling -> Portfolio"